model_name,accuracy,precision,recall,f1_score,auc,cv_f1_mean,cv_f1_std
Logistic Regression,0.5018050541516246,0.3526315789473684,0.8170731707317073,0.49264705882352944,0.6303158223889931,0.3545779795126862,0.017114111329081784
Random Forest,0.7057761732851986,0.6666666666666666,0.012195121951219513,0.023952095808383235,0.6329033771106942,0.07829530110374687,0.03225165125474213
Gradient Boosting,0.7003610108303249,0.45,0.054878048780487805,0.09782608695652174,0.6484208880550344,0.14685822753201982,0.022187569464635307
SVM,0.6389891696750902,0.24285714285714285,0.10365853658536585,0.1452991452991453,0.5710444027517197,0.3537658839455361,0.010996851909147396
KNN,0.7021660649819494,0.4,0.012195121951219513,0.023668639053254437,0.5118746091307067,0.10941543396155277,0.029297468899844695
Decision Tree,0.6552346570397112,0.30434782608695654,0.12804878048780488,0.18025751072961374,0.5024859287054408,0.2688870531638526,0.030875669163192985
XGBoost,0.6227436823104693,0.4050632911392405,0.5853658536585366,0.47880299251870323,0.6371794871794872,0.3787297881189359,0.02083794992813876
LightGBM,0.6660649819494585,0.4132231404958678,0.3048780487804878,0.3508771929824561,0.6321294559099436,0.3184750499240795,0.014208119483354608
