model,cv_f1_mean,cv_f1_std,test_accuracy,test_precision,test_recall,test_f1,test_auc,composite_score
Bagging (RF),0.42580773738392563,0.028260801517073737,0.6498194945848376,0.42424242424242425,0.5121951219512195,0.46408839779005523,0.6429956222639148,0.4901069001460757
Voting (Soft),0.44505687457066456,0.03782521308499706,0.6101083032490975,0.3925619834710744,0.5792682926829268,0.46798029556650245,0.6278455284552846,0.4773673719764927
Voting (Hard),0.4351122770201618,0.030893350928501935,0.6335740072202166,0.39572192513368987,0.45121951219512196,0.42165242165242167,0.0,0.456621249212758
Bagging (GB),0.4659624937120973,0.04593974056509078,0.7003610108303249,0.48214285714285715,0.16463414634146342,0.24545454545454545,0.6538774233896185,0.42302912329371783
Stacking,0.33132507749719714,0.01036942622384907,0.37725631768953066,0.3028322440087146,0.8475609756097561,0.4462279293739968,0.548311444652908,0.41520863751456666
