model,cv_f1_mean,cv_f1_std,test_accuracy,test_precision,test_recall,test_f1,test_auc,composite_score
Voting (Soft),0.6687306576945569,0.01916952703457207,0.6087719298245614,0.38396624472573837,0.5416666666666666,0.44938271604938274,0.6123548922056385,0.46432236533668914
Voting (Hard),0.6612597687980142,0.016554656844532476,0.624561403508772,0.3904761904761905,0.4880952380952381,0.43386243386243384,0.0,0.4600710108604846
Bagging (RF),0.5853808516551129,0.01772829311107211,0.5842105263157895,0.3614457831325301,0.5357142857142857,0.4316546762589928,0.5821932006633499,0.44448824996529634
Bagging (GB),0.6239490149998896,0.025729338154463263,0.6964912280701754,0.463768115942029,0.19047619047619047,0.270042194092827,0.61318407960199,0.4248657692663138
Stacking,0.3146629655934039,0.006740478853572762,0.3719298245614035,0.30612244897959184,0.8928571428571429,0.45592705167173253,0.5261342099028667,0.42289877429135153
