model,cv_f1_mean,cv_f1_std,test_accuracy,test_precision,test_recall,test_f1,test_auc,composite_score
LightGBM (Regularized),0.62987505711863,0.018290178972618844,0.5578947368421052,0.36,0.6428571428571429,0.46153846153846156,0.6113628287135751,0.45832620011567377
Logistic Regression (L1),0.44861137708625015,0.013225200688146838,0.42105263157894735,0.32158590308370044,0.8690476190476191,0.4694533762057878,0.5954750059227671,0.4405856623157679
SVM (RBF),0.4806851630951671,0.016276001093014032,0.45263157894736844,0.32524271844660196,0.7976190476190477,0.46206896551724136,0.6010201966358683,0.4390059975851916
Logistic Regression (L2),0.45443465443175396,0.009769009118180037,0.42280701754385963,0.31910112359550563,0.8452380952380952,0.4632952691680261,0.6003316749585407,0.43571424322119157
