model,accuracy,precision,recall,f1_score,auc,composite_score
Logistic Regression,0.48445945945945945,0.34766355140186916,0.851258581235698,0.4936960849369608,0.6339045746844497,0.5621964503436875
LightGBM,0.5817567567567568,0.36128048780487804,0.5423340961098398,0.43366880146386094,0.6087943816354425,0.5055669047541557
SVM,0.6682432432432432,0.39285714285714285,0.22654462242562928,0.28737300435413643,0.5850334912273388,0.4320103008214981
