model,accuracy,precision,recall,f1_score,auc,composite_score
Logistic Regression,0.45614035087719296,0.33014354066985646,0.8214285714285714,0.4709897610921502,0.6107261312485194,0.44672527191388334
LightGBM,0.6649122807017543,0.3944954128440367,0.25595238095238093,0.3104693140794224,0.5951936744847193,0.4095166535970304
XGBoost,0.6807017543859649,0.4166666666666667,0.20833333333333334,0.2777777777777778,0.5934612651030562,0.4069736842105263
