model,accuracy,precision,recall,f1_score,auc,composite_score
Logistic Regression,0.4693140794223827,0.3350253807106599,0.8048780487804879,0.4731182795698925,0.5971075672295185,0.45029625691775704
SVM,0.4747292418772563,0.33066666666666666,0.7560975609756098,0.4601113172541744,0.5874296435272045,0.44085566631593126
XGBoost,0.7003610108303249,0.47368421052631576,0.10975609756097561,0.1782178217821782,0.6366479049405879,0.3939868426673423
